files,ela_meta.lin_simple.adj_r2,ela_meta.lin_simple.intercept,ela_meta.lin_simple.coef.min,ela_meta.lin_simple.coef.max,ela_meta.lin_simple.coef.max_by_min,ela_meta.lin_w_interact.adj_r2,ela_meta.quad_simple.adj_r2,ela_meta.quad_simple.cond,ela_meta.quad_w_interact.adj_r2,ela_meta.costs_runtime,numsamples,dimensionality,is_uniform,SVM,NN,ExTR,GBR
four_bar_1.csv,0.815657590103218,797.751449589271,36.849071497784,417.090310881664,11.3188825098821,0.810535215911843,0.816734913539134,78.9693165413191,0.785213592213355,0.140000000000001,100,3,1,0.024401872369972,0,0.984260435646468,0.968585054569046
four_bar_2.csv,0.683922886947533,0.034894771651509,0.006414545074246,0.007189772083799,1.12085455797403,0.674425680189819,0.732133337248603,2.88129037664474,0.693496985480495,0.004000000000005,100,3,1,0,0,0.875249463338582,0.757610721144166
gear_train.csv,0.11840446473351,-0.959072810377427,0.522561918198722,0.797399369633058,1.52594236560847,0.24700269877199,0.164854299224592,3.05492673818089,0.317564591942034,0.00500000000001,100,3,1,0,0,0.813989506021966,0.25806240093252
kursawe1.csv,-0.025752131439235,-9.68607528632086,0.000908525456205,0.059363970571802,65.3410096176742,-0.035648451254575,0.685496293486634,2.58687244341256,0.693735373314541,0.003,100,2,1,0.457062571610492,0,0.796252717883862,0.805345340267324
kursawe2.csv,0.024379334395841,5.15363329927396,0.226085121603207,0.378380286519552,1.67361869651747,0.027233234789187,0.089425201316412,2.10086970938261,0.423595657364503,0.003,100,2,1,0.198125076155255,0.085638802280068,0.605882050852822,0.752067222591872
pressure.csv,0.871328343140691,-9534.15978904607,110.02198080428,13991.1472301534,127.166836371021,0.974079097135781,0.875464880944135,38911.6537836782,0.976095230662039,0.004000000000005,100,3,1,0,0,0.875137072779678,0.809886697384409
speed_reducer_1.csv,0.921795952774308,1863.06588716553,15.9585877190387,773.303552037358,48.4568914024141,0.934704906194763,0.977183381057737,54.1605545920435,1.00019167384976,0.006,100,6,1,0,0,0.986519802598774,0.978267914263316
speed_reducer_2.csv,0.058001526859667,1922572985341.35,10143042646.6687,67054560023.7116,6.61089205276431,0.282715668389369,0.145996293238724,4.67788042189079,1.00266431828005,0.006999999999991,100,6,1,0,0,0,0
