file,SVM,NN,ExTR,GBR
four_bar_1.csv,0.024401872369972,0,0.984260435646468,0.968585054569046
four_bar_2.csv,0,0,0.875249463338582,0.757610721144166
gear_train.csv,0,0,0.813989506021966,0.25806240093252
kursawe1.csv,0.457062571610492,0,0.796252717883862,0.805345340267324
kursawe2.csv,0.198125076155255,0.085638802280068,0.605882050852822,0.752067222591872
pressure.csv,0,0,0.875137072779678,0.809886697384409
speed_reducer_1.csv,0,0,0.986519802598774,0.978267914263316
speed_reducer_2.csv,0,0,0,0
